id_cliente,data_cadastro,nome_completo,cpf,data_nascimento,genero,cidade,estado,profissao,renda_mensal_bruta,score_credito_inicial,segmento_cliente,status_conta,data_ultimo_login,data_cancelamento
1,2023-10-29,Davi Miguel Sousa,189.430.652-05,1951-01-29,Masculino,Montenegro,RN,Almoxarife,15218.68,434.69,Premium,Cancelada,2024-04-27,
2,2023-06-08,Hellena Machado,940.613.257-52,1991-02-27,Outro,Teixeira,MT,Caça-talentos/Olheiro,18005.32,347.82,Standard,Ativa,2024-12-21,
3,2021-02-02,Raul Nascimento,169.428.530-89,1955-03-28,Masculino,Aparecida,RO,Embalador,5804.23,631.11,Economy,Ativa,2024-12-08,2023-10-30
4,2024-06-29,Mateus da Mota,752.961.830-02,2006-10-08,Outro,Nascimento,SC,Engenheiro civil,11581.42,421.24,Economy,Inativa,2025-06-18,
5,2021-06-11,Hellena Rodrigues,503.682.719-86,1971-08-21,Masculino,Nunes,RR,Forneiro,15537.94,387.81,Standard,Inativa,2025-08-01,
6,2021-09-09,Natália Casa Grande,423.596.871-82,1978-08-01,Masculino,Fonseca de Goiás,BA,Panfleteiro,19208.44,485.13,Premium,Inativa,2025-03-05,
7,2023-02-04,Otávio Peixoto,168.437.250-07,1993-06-18,Feminino,Rodrigues,PI,Engenheiro físico,12668.93,743.92,Economy,Inativa,2025-04-11,2023-06-25
8,2024-06-21,Rafael Abreu,482.907.153-23,1969-05-11,Feminino,Nogueira,SP,Perfusionista,2957.8,461.25,Economy,Cancelada,2024-10-23,
9,2025-03-22,Luiz Miguel das Neves,309.485.762-00,1984-05-14,Feminino,Ribeiro,PR,Polidor de produção,12181.01,687.51,Premium,Cancelada,2025-06-02,
10,2021-06-14,Vitor Hugo Sá,346.572.981-19,1980-03-26,Feminino,da Cruz,ES,Atleta de arremesso de peso,19726.6,770.42,Premium,Inativa,2023-12-26,
11,2022-04-26,André Barbosa,031.926.785-77,1983-10-01,Outro,Nogueira,BA,Violonista,16931.04,389.46,Standard,Ativa,2023-01-29,
12,2025-04-22,Maria Luísa Correia,196.235.470-99,1982-09-30,Outro,Araújo,MG,Windsurfer,18828.11,656.42,Economy,Cancelada,2025-06-16,
13,2022-04-28,Vitor Gabriel Machado,269.731.045-25,1999-08-09,Outro,Rezende,PI,Agente de defesa sanitária,6029.0,554.24,Standard,Cancelada,2023-02-22,
14,2025-06-22,Nicolas Mendonça,736.018.952-77,2003-05-11,Masculino,da Paz de Lima,RR,Zootecnista,14165.36,763.57,Premium,Ativa,2025-08-09,
15,2025-08-09,Gabriel da Rocha,308.527.461-80,1981-11-11,Feminino,Araújo,PE,Bancário,8921.55,336.4,Economy,Cancelada,2025-08-15,
16,2024-11-19,Nathan Campos,930.478.215-50,1953-08-08,Outro,da Costa Paulista,MG,Chaveiro,10735.78,786.58,Economy,Inativa,2024-12-07,
17,2023-12-27,Anthony Marques,918.476.205-58,1967-01-11,Masculino,da Cruz,MS,Escrivão,6062.61,608.75,Standard,Cancelada,2024-07-03,
18,2021-06-01,Vitória Albuquerque,841.720.953-05,1997-12-26,Outro,da Paz do Oeste,RR,Ginasta artística,8888.91,420.63,Premium,Cancelada,2024-05-18,
19,2021-08-23,Isis Aragão,164.082.973-31,1986-05-31,Masculino,Sousa,PB,Porteiro,17430.4,384.06,Premium,Cancelada,2022-09-11,
20,2024-02-27,Srta. Ísis Andrade,582.310.794-32,1982-02-28,Masculino,Costela de Goiás,RO,Cadeirinha,8618.2,627.74,Standard,Cancelada,2024-04-27,
21,2022-05-25,Daniela da Costa,296.018.347-96,1982-02-06,Outro,Castro do Campo,MG,Árbitro e mediador,17424.42,306.31,Economy,Ativa,2025-03-23,
22,2024-12-02,Marcela das Neves,390.518.267-02,1962-07-13,Outro,Ferreira do Galho,MG,Tecnólogo em negócios imobiliários,15391.24,722.73,Standard,Ativa,2025-07-01,
23,2025-07-14,José Pedro Cavalcanti,940.783.251-14,1980-09-23,Masculino,Pereira do Galho,AM,Jogador de golfe,9893.89,824.6,Economy,Inativa,2025-08-15,
24,2025-02-15,Agatha Moreira,835.902.467-74,1960-08-26,Masculino,Montenegro da Mata,RO,Leiteiro,10892.11,358.53,Economy,Inativa,2025-02-23,
25,2022-04-04,Otto Rios,624.370.815-26,1990-01-24,Outro,Viana Verde,RN,Técnico de gesso,12765.95,384.06,Premium,Cancelada,2024-02-16,
26,2022-03-28,Olívia Vieira,214.756.903-80,1975-04-02,Outro,Câmara do Oeste,BA,Alfaiate,18492.13,629.42,Standard,Ativa,2024-07-12,
27,2020-11-09,Rafael Leão,936.871.420-78,2006-09-11,Feminino,Vasconcelos,PA,Economista,17756.35,757.42,Standard,Ativa,2023-10-10,
28,2021-07-04,Davi Marques,275.634.891-00,2005-03-10,Outro,Souza,PR,Meredeira,19018.56,347.11,Standard,Ativa,2023-08-23,2021-09-17
29,2021-12-03,Raquel Pires,347.052.198-05,1963-12-20,Outro,Nogueira de Minas,BA,Cobrador de ônibus,15667.94,370.62,Standard,Cancelada,2024-04-14,
30,2021-10-13,Oliver Jesus,587.301.649-66,1989-11-16,Outro,Mendes do Sul,MS,Faxineiro,17640.01,532.73,Premium,Cancelada,2024-07-01,
31,2024-05-24,Zoe Souza,837.129.406-96,1999-02-16,Outro,Rios das Flores,SC,Consultor de radiestesia,5221.29,471.44,Economy,Cancelada,2025-07-27,
32,2024-10-30,Amanda Gonçalves,901.537.682-40,2002-12-17,Outro,Garcia Alegre,DF,Meteorologista,9852.49,436.35,Premium,Inativa,2025-08-12,
33,2022-04-06,Isis Barros,708.219.436-69,1993-10-11,Outro,Almeida,RN,Coloproctologista,5757.12,421.12,Premium,Cancelada,2023-07-16,2024-10-16
34,2021-10-26,Ravi Lucca Sampaio,452.960.138-24,1977-02-03,Masculino,das Neves,RJ,Tecnólogo em jogos digitais,2746.91,317.28,Standard,Ativa,2022-04-03,
35,2025-03-02,Breno Pastor,314.657.029-70,1971-05-25,Feminino,Nascimento das Pedras,RO,Instrumentador cirúrgico,13876.09,417.83,Premium,Cancelada,2025-08-08,
36,2020-12-20,Rebeca Caldeira,657.813.924-91,1987-03-09,Outro,Martins de Lopes,TO,Zootecnista,12159.92,433.65,Standard,Inativa,2021-01-10,
37,2023-08-04,João Lucas Machado,376.209.851-40,1968-04-27,Masculino,Fogaça,SE,Engenheiro de produção agroindustrial,13691.18,494.86,Standard,Inativa,2024-02-02,
38,2022-04-30,Anthony Moreira,319.576.824-00,2000-09-07,Masculino,Machado de Vieira,AC,Bóia-fria,13957.24,841.29,Premium,Ativa,2024-08-22,
39,2022-02-05,Maria Eduarda Melo,895.374.216-19,1973-01-30,Feminino,das Neves Paulista,ES,Carteiro,16310.96,360.1,Premium,Ativa,2022-12-15,
40,2024-03-26,Srta. Evelyn Cunha,748.012.536-44,1967-12-06,Masculino,Albuquerque da Prata,BA,Engenheiro petroquímico,9304.81,453.2,Premium,Ativa,2025-04-08,
41,2020-11-08,Samuel Caldeira,047.362.195-99,1952-10-16,Outro,Camargo de Azevedo,MG,Office-boy,3311.31,658.68,Economy,Ativa,2022-04-01,
42,2020-12-30,Kevin Barros,316.475.829-46,1986-02-19,Masculino,Macedo de da Rosa,RJ,Manobrista,4576.76,567.1,Premium,Inativa,2021-03-30,
43,2022-02-25,Srta. Giovanna Pires,341.765.092-52,1985-08-24,Masculino,Machado do Amparo,MA,Anestesiologista,8511.0,841.92,Standard,Inativa,2024-04-09,
44,2021-10-13,Ana Sophia Rodrigues,349.708.125-60,1990-08-19,Outro,Casa Grande de Minas,AL,Consultor de radiestesia,19210.38,847.48,Economy,Cancelada,2024-06-26,
45,2024-08-04,Pedro Lucas Campos,746.285.310-80,1984-02-21,Masculino,Lopes,SC,Gandula,5013.11,419.74,Premium,Cancelada,2025-06-12,
46,2023-08-24,Alícia Teixeira,402.396.781-50,1951-02-16,Masculino,Borges de Melo,MS,Leiteiro,15337.55,331.44,Economy,Inativa,2024-02-05,
47,2022-04-17,Dr. Thales da Paz,680.372.415-80,1988-06-30,Outro,Moraes do Sul,RO,Pizzaiolo,4412.51,828.43,Premium,Ativa,2025-02-25,
48,2022-12-09,Melina Teixeira,034.712.865-35,1952-10-09,Masculino,Alves,RS,Regente,13991.43,429.36,Premium,Cancelada,2024-05-01,2024-08-12
49,2024-08-16,Yuri Jesus,139.807.624-40,1990-10-18,Outro,Leão do Amparo,PR,Engenheiro cartográfico,2235.22,345.09,Economy,Cancelada,2024-12-08,
50,2022-11-29,Sophia Souza,214.639.708-03,1958-01-07,Feminino,Pastor Verde,RO,Odontologista preventivo e social,18792.07,412.34,Economy,Inativa,2023-06-06,
51,2024-12-14,Dr. Rafael Duarte,396.180.257-21,1975-07-12,Feminino,Gomes Grande,PR,Apontador de mão-de-obra,3921.25,655.03,Standard,Inativa,2025-04-12,
52,2021-04-04,Pedro Lucas Brito,870.513.694-66,2005-08-14,Masculino,Fernandes das Flores,RS,Bancário,1672.34,641.64,Economy,Ativa,2022-09-16,
53,2024-11-20,Dr. Vitor Hugo Andrade,913.562.840-51,1999-01-23,Masculino,Brito do Campo,PB,Contábil,10858.87,372.85,Standard,Ativa,2025-07-10,2025-03-02
54,2024-02-05,Juan Fogaça,562.143.807-80,2002-01-10,Feminino,Pimenta,MG,Roteirista,6772.27,541.0,Economy,Cancelada,2024-03-01,
55,2024-01-17,Ravi Porto,479.503.286-65,1978-06-29,Outro,Macedo,MS,Promotor público/de justiça,11285.4,667.32,Economy,Inativa,2024-12-19,
56,2022-02-14,Liz Costa,671.834.259-91,2005-06-04,Masculino,Almeida das Flores,GO,Advogado,18870.21,373.86,Premium,Ativa,2024-07-17,
57,2023-06-16,Theo da Paz,359.814.270-60,1989-05-27,Masculino,Pires,RS,Argumentista,6538.44,632.66,Economy,Inativa,2025-01-27,
58,2022-03-04,Srta. Ayla da Rocha,562.184.739-37,1975-03-13,Outro,da Cunha,TO,Numerólogo,17278.89,577.97,Standard,Ativa,2024-03-05,
59,2025-06-19,Ana Vitória Casa Grande,365.098.274-92,1966-09-30,Feminino,Freitas de Rocha,SC,Tecnólogo em Ciências das plantas medicinais,16842.94,324.25,Standard,Ativa,2025-08-10,2025-08-06
60,2021-12-08,Sr. Igor Melo,085.419.327-88,1971-09-23,Feminino,Camargo Grande,AL,Apresentador,4489.27,543.01,Economy,Inativa,2024-04-17,
61,2022-02-24,Catarina Gomes,756.481.320-26,1978-03-14,Masculino,Pimenta de Jesus,GO,Anestesiologista,2892.01,785.71,Premium,Cancelada,2022-06-27,
62,2024-01-30,Sr. Léo Nogueira,506.218.347-26,1962-03-25,Feminino,Aragão,SE,Gerente de banco,12276.43,381.45,Premium,Ativa,2024-10-07,2024-06-11
63,2021-11-05,Yuri Costela,938.214.057-32,1956-12-06,Masculino,Nogueira,GO,Controller,18130.11,415.54,Premium,Cancelada,2023-12-25,
64,2021-03-05,Sr. Lorenzo Almeida,240.153.798-88,1999-11-18,Outro,Machado de Vasconcelos,MS,Pára-quedista,17856.49,523.51,Economy,Cancelada,2021-10-05,
65,2023-08-06,Ana Clara Siqueira,847.506.312-80,1975-11-05,Masculino,Mendonça,RR,Médico cirurgião,17495.21,836.91,Premium,Inativa,2024-01-17,
66,2020-12-29,Yan Silva,564.379.802-65,1954-04-25,Outro,Lopes,PB,Embalador,18603.01,730.31,Standard,Cancelada,2023-10-24,2021-04-19
67,2022-09-12,Srta. Luara Lima,549.173.082-32,1997-08-14,Masculino,Lopes,AM,Instrutor,6435.91,733.06,Premium,Inativa,2023-11-13,
68,2024-09-08,Luísa Rios,165.873.092-59,1981-11-24,Feminino,Caldeira Verde,PE,Diretor de fotografia,5615.02,749.12,Standard,Inativa,2025-03-28,
69,2021-05-26,Dr. Danilo Teixeira,436.795.021-25,1977-08-05,Masculino,Cirino,GO,Tosador,5624.09,663.02,Standard,Inativa,2024-12-25,
70,2024-06-09,Diego Nunes,612.590.473-34,2003-01-28,Masculino,Leão dos Dourados,MT,Comprador,19387.45,453.52,Economy,Cancelada,2024-11-08,
71,2022-06-24,Antonella Aragão,290.578.341-97,1991-06-25,Outro,Pereira de Macedo,PA,Engenheiro naval,7626.27,315.18,Standard,Ativa,2024-12-04,
72,2021-09-14,João Miguel Rocha,974.013.682-69,1979-05-06,Feminino,Cunha Grande,SP,Engenheiro de minas,2207.76,628.11,Standard,Cancelada,2023-01-21,
73,2022-01-27,Emanuella Cardoso,683.492.017-03,1956-08-02,Feminino,Almeida dos Dourados,AP,Florista,12714.86,581.28,Standard,Cancelada,2023-11-04,
74,2023-07-04,Lavínia Camargo,605.143.289-24,1982-11-19,Masculino,da Cruz,PA,Protético dentário,14612.53,300.93,Economy,Cancelada,2025-01-04,
75,2022-08-18,Sra. Hellena Farias,218.467.950-01,1954-03-11,Outro,Caldeira,BA,Engenheiro de petróleo,15135.2,408.37,Standard,Ativa,2025-03-29,
76,2021-08-12,Ana Vitória Cavalcanti,798.546.231-73,1984-07-26,Feminino,Macedo,AP,Mototaxista,13028.38,664.86,Premium,Cancelada,2024-08-31,
77,2022-11-02,Luiz Gustavo Montenegro,147.305.298-04,1967-03-11,Outro,Pimenta,RN,Paginador,7221.77,524.62,Standard,Cancelada,2023-08-09,
78,2022-07-20,Srta. Milena Oliveira,357.410.968-75,1983-04-15,Masculino,Montenegro,RS,Contramestre em transporte marítimo,5049.04,665.71,Standard,Cancelada,2025-06-27,
79,2020-10-27,Stephany Pimenta,258.937.640-56,1990-09-02,Masculino,Azevedo Alegre,AM,Procurador de justiça,12887.03,465.52,Economy,Ativa,2025-08-02,
80,2024-01-08,Clarice Farias,125.873.960-77,1966-02-09,Masculino,Novais das Flores,RS,General,9452.93,618.99,Economy,Inativa,2025-03-08,
81,2024-09-10,Dra. Valentina Borges,685.027.193-86,1988-06-29,Feminino,Correia de Câmara,BA,Comerciante,13999.1,581.15,Economy,Ativa,2025-06-20,
82,2021-01-04,Valentina Andrade,526.179.483-82,1998-08-09,Feminino,Jesus,MS,Tecnólogo em irrigação e drenagem,11035.86,648.12,Standard,Ativa,2021-06-23,
83,2024-03-23,Sra. Isabel Nascimento,347.612.958-64,2005-11-11,Masculino,Montenegro do Galho,PA,Conferente de recebimento,13946.72,423.55,Premium,Ativa,2025-01-30,
84,2024-09-17,Rafaela Freitas,819.207.645-85,1996-02-06,Masculino,Borges de Goiás,TO,Mergulhador,19702.82,636.2,Premium,Inativa,2024-11-02,2024-12-09
85,2025-01-19,Sarah Freitas,361.270.845-71,2003-08-06,Outro,Carvalho,AL,Esgrimista,12149.91,695.09,Standard,Inativa,2025-04-16,
86,2025-03-20,Sra. Melissa Pimenta,019.285.374-05,1977-01-11,Masculino,da Rosa,AM,Artesão,13637.07,303.05,Premium,Inativa,2025-07-23,
87,2021-10-26,Daniel Monteiro,980.546.127-02,1986-09-08,Outro,Lima do Sul,RN,Guardador de veículos,11082.22,327.62,Premium,Ativa,2024-03-10,
88,2021-10-30,Vinicius Fonseca,180.367.592-68,1973-10-15,Feminino,Fogaça,SE,Ator,13850.19,843.34,Economy,Inativa,2024-05-09,
89,2022-05-08,Lívia Carvalho,058.671.324-71,1992-02-20,Feminino,Carvalho,AP,Velejador,12834.07,695.6,Economy,Inativa,2024-05-29,
90,2024-07-05,Guilherme Aparecida,546.783.209-38,1976-03-04,Outro,Fogaça do Norte,RS,Geólogo,9749.4,387.54,Standard,Inativa,2024-11-02,
91,2021-12-29,Maysa Gomes,527.938.401-14,1995-12-28,Masculino,Lopes,RN,Corregedor de justiça,17037.46,452.52,Economy,Inativa,2023-08-01,
92,2023-05-10,Laís das Neves,762.539.801-30,1968-04-04,Feminino,da Mota do Norte,AP,Tecnólogo em automação industrial,9637.64,692.45,Premium,Inativa,2023-07-15,
93,2023-10-25,Eduarda Alves,270.186.943-96,1970-09-13,Outro,Pereira,BA,Tecnólogo em negócios imobiliários,2990.69,382.96,Standard,Cancelada,2025-04-08,
94,2022-11-17,Davi Miguel Moura,569.721.038-86,1971-02-22,Masculino,Moreira de Gomes,PI,Carnavalesco,2688.23,524.18,Economy,Inativa,2024-02-06,
95,2021-12-08,Laura Sales,731.908.624-78,1964-09-21,Masculino,Rodrigues,MT,Técnico em segurança do trabalho,16908.49,514.21,Economy,Cancelada,2023-08-02,
96,2022-05-13,Erick Vieira,583.019.476-75,1953-05-24,Outro,Novaes Verde,MS,Motofrete,8537.05,303.24,Standard,Inativa,2024-02-18,2025-04-10
97,2024-08-24,Benício das Neves,679.834.051-20,1981-08-16,Feminino,Machado,PB,Tecnólogo em papel e celulose,11457.08,704.05,Economy,Ativa,2025-03-31,
98,2023-03-20,Emilly Vargas,260.874.135-53,1957-01-26,Feminino,Duarte,RR,Eletricista,9562.97,315.96,Standard,Cancelada,2025-03-20,
99,2022-05-11,José Costa,842.579.063-83,2004-03-14,Feminino,Cavalcante,RO,Sargento,14897.36,762.28,Premium,Cancelada,2025-04-14,
100,2024-03-25,Ana Cecília Alves,104.597.328-97,1984-09-22,Feminino,Pires de Nogueira,MA,Somelier,12450.02,664.65,Premium,Cancelada,2025-05-29,
101,2025-05-30,Maria Luiza da Rosa,710.835.469-10,1977-08-21,Feminino,Pereira Grande,MT,Ventríloquo,4861.99,443.09,Standard,Ativa,2025-08-02,
102,2022-03-23,Caroline Teixeira,581.273.096-21,2006-12-07,Feminino,Casa Grande,AM,Artista/Técnico em espetáculos de diversões,15582.75,508.52,Standard,Inativa,2023-05-26,
103,2022-01-29,Emanuel Duarte,953.617.482-00,1971-11-28,Feminino,Almeida de Borges,MG,Otorrinolaringologista,1858.59,596.68,Standard,Ativa,2024-04-06,
104,2022-11-30,Benicio da Paz,794.805.361-10,1963-08-04,Outro,Teixeira das Flores,MS,Arranjador musical,2244.78,317.07,Premium,Ativa,2024-06-30,
105,2022-08-18,Laura Barbosa,687.942.035-47,1982-09-14,Outro,Freitas Alegre,PI,Imunologista,4319.07,369.42,Economy,Ativa,2023-03-19,
106,2024-05-27,Ana Cecília Aparecida,025.634.798-00,1961-03-04,Masculino,Pimenta Alegre,CE,Judoca,10103.13,440.93,Standard,Ativa,2025-01-10,
107,2025-07-31,Dr. Kaique Melo,058.793.246-56,1992-07-04,Outro,da Luz de Rezende,SE,Profissional de recursos humanos,14789.61,727.79,Premium,Inativa,2025-08-05,
108,2023-07-08,Vinicius Pires,962.851.073-86,1991-06-21,Masculino,Almeida,PB,Fonoaudiólogo,18684.41,616.69,Standard,Inativa,2024-09-30,
109,2022-09-21,Olivia Sousa,023.487.619-04,1973-07-31,Masculino,Nascimento de Fernandes,PI,Guia turistico,2905.93,679.84,Economy,Ativa,2023-04-25,
110,2024-01-03,Sra. Rafaela Correia,348.125.679-55,1999-12-14,Feminino,Mendes da Praia,PI,Vigia parlamentar,17230.42,630.23,Premium,Cancelada,2025-02-09,
111,2021-12-29,Maria Laura Ferreira,240.957.613-34,1956-09-11,Feminino,Cunha de Costa,TO,Pianista,11355.79,663.84,Premium,Cancelada,2024-06-14,
112,2021-12-25,Isaque da Cruz,083.519.462-06,1982-03-23,Masculino,Brito de Rodrigues,SP,Cientista político,17217.15,752.28,Premium,Inativa,2022-12-21,
113,2020-08-26,Olívia Mendes,345.270.869-10,1981-07-19,Outro,Cavalcanti,PA,Copeiro,17994.14,552.86,Premium,Inativa,2025-04-11,
114,2025-04-19,Ester Souza,408.295.716-20,1951-09-26,Outro,Ramos de Nogueira,PE,Oftalmologista,19361.26,448.55,Economy,Inativa,2025-07-29,
115,2025-01-27,Gael Camargo,527.981.064-94,1957-05-30,Outro,Nunes do Oeste,CE,Remador,12460.78,477.27,Premium,Ativa,2025-05-09,
116,2024-11-28,Lunna Borges,612.837.905-21,2001-08-27,Feminino,da Costa dos Dourados,SP,Engenheiro físico,6011.47,555.59,Economy,Cancelada,2025-07-03,
117,2025-05-26,José Pedro Rezende,530.978.261-30,1967-02-21,Masculino,Sales do Campo,RS,Estoquista,10644.67,478.76,Standard,Ativa,2025-07-25,
118,2022-06-19,Daniela Marques,956.843.102-06,1962-06-09,Feminino,Moura de Santos,MS,Bailarina,7796.27,784.18,Economy,Inativa,2025-06-29,
119,2025-03-19,Gabriela Oliveira,829.743.065-00,1956-02-20,Outro,Borges de Moraes,PB,Assistente de câmera,19039.16,347.09,Economy,Inativa,2025-07-22,
120,2022-11-23,Ravi Rocha,406.281.539-70,1979-05-25,Masculino,Sampaio de Minas,PI,Astrólogo,14276.27,655.25,Standard,Inativa,2024-02-22,
121,2025-04-20,João Pedro Jesus,296.835.410-89,1953-08-19,Masculino,Rezende,MS,Carpinteiro,6943.36,522.42,Premium,Inativa,2025-08-10,
122,2021-07-09,Srta. Agatha Sá,047.568.321-80,1980-10-15,Feminino,da Cruz,PB,Gourmet,10255.32,592.01,Standard,Cancelada,2023-09-10,
123,2021-05-27,Arthur Gabriel Ribeiro,603.185.497-00,1960-07-23,Feminino,Sousa,AL,Lancheiro,14502.82,449.0,Standard,Ativa,2025-02-06,
124,2022-10-27,Davi Miguel Montenegro,435.962.180-98,1980-12-07,Masculino,Jesus,MA,Engenheiro químico,7337.64,708.58,Economy,Ativa,2024-12-08,
125,2020-12-06,Paulo Novais,705.963.241-70,2004-08-22,Outro,Cassiano da Mata,MG,Cortador de cana-de-açucar,10457.67,698.52,Economy,Cancelada,2025-01-23,
126,2024-05-26,Diego Martins,086.345.179-93,1977-02-03,Masculino,Costela Alegre,RS,Baixista,16903.62,462.94,Standard,Ativa,2025-06-11,
127,2025-03-28,Srta. Ana Júlia da Mata,601.745.938-48,1998-10-05,Outro,da Rosa do Sul,DF,Dançarino,11381.5,450.87,Premium,Cancelada,2025-04-10,
128,2025-06-09,Isabelly Sampaio,936.142.578-19,1956-06-07,Masculino,das Neves Paulista,MS,Pára-quedista,13300.59,714.04,Premium,Ativa,2025-08-17,
129,2025-01-15,Sra. Luiza Costela,596.041.873-84,1976-08-27,Feminino,da Rocha Grande,DF,Geofísico,10356.21,487.39,Premium,Inativa,2025-07-06,
130,2021-10-11,Maitê da Cunha,798.152.603-59,1982-09-04,Feminino,Nogueira,RS,Astrofísico,3610.61,335.94,Standard,Ativa,2022-09-21,
131,2023-04-01,Ana Julia Teixeira,062.851.973-77,1998-04-17,Outro,Cunha,PE,Microfonista,2491.77,382.06,Economy,Inativa,2023-06-04,
132,2022-06-29,Raquel Almeida,086.974.231-04,1985-06-18,Masculino,Montenegro,TO,Timoneiro,3691.35,720.44,Economy,Cancelada,2024-08-01,2024-06-04
133,2023-12-31,Calebe Moura,238.469.517-73,1996-05-20,Masculino,Freitas,MG,Ministro,15850.33,509.21,Standard,Inativa,2025-06-25,
134,2023-06-15,Anna Liz Rezende,016.374.592-70,2007-01-23,Feminino,Barros,PR,Marechal,7149.53,641.57,Economy,Cancelada,2023-12-11,
135,2023-11-08,Ana Cecília da Conceição,374.062.591-07,1968-11-03,Masculino,Costela,RJ,Clap loader,13072.03,445.56,Premium,Ativa,2025-08-03,2025-08-01
136,2024-05-22,Kaique Castro,936.542.870-00,1990-12-19,Outro,Montenegro,SC,Gourmet,2888.7,301.47,Standard,Cancelada,2024-11-18,
137,2020-11-23,Dr. Luan Alves,478.129.360-31,1974-12-24,Feminino,Barros da Mata,SE,Engenheiro de aquicultura,2103.84,458.46,Standard,Cancelada,2024-11-12,
138,2024-03-11,Dra. Daniela Sousa,658.097.213-03,1954-05-21,Masculino,Caldeira Grande,AP,Cozinheira,14216.62,808.15,Economy,Cancelada,2024-05-30,
139,2022-10-13,Apollo Borges,581.462.307-17,1981-12-07,Masculino,Gomes de Minas,SC,Produtor de audio visual,9365.07,599.51,Economy,Ativa,2024-03-28,
140,2025-02-25,Mateus Cavalcante,248.931.057-79,2006-05-12,Masculino,Leão da Mata,PR,Babysitter,2821.08,391.26,Standard,Cancelada,2025-06-04,
141,2022-06-07,Fernanda Marques,124.038.597-88,2004-05-23,Outro,Lopes Grande,MA,Funileiro,18542.06,541.53,Standard,Cancelada,2024-09-26,
142,2023-08-24,Miguel Dias,473.286.510-08,1989-12-15,Feminino,Pastor,PI,Corregedor de justiça,18939.51,575.26,Standard,Inativa,2024-08-05,
143,2024-01-14,Srta. Maysa da Rocha,167.952.830-03,1981-07-14,Masculino,Vieira das Flores,AP,Mensageiro,17954.32,703.99,Economy,Inativa,2025-07-21,2024-10-08
144,2025-08-01,Sra. Ísis Andrade,581.072.946-02,1977-06-04,Masculino,Sá Alegre,SE,Maquiador,19295.36,759.78,Economy,Cancelada,2025-08-07,2025-08-09
145,2021-02-26,Dra. Hellena Machado,567.894.130-57,1955-05-07,Outro,Caldeira de da Rocha,PA,Bedel,16696.29,616.94,Premium,Inativa,2022-02-23,
146,2021-03-17,Luigi Marques,387.290.561-95,2004-03-09,Feminino,Azevedo da Mata,AL,Trilheiro ou músico de cinema,18447.35,399.82,Economy,Inativa,2021-10-31,
147,2021-03-15,Eloah Sousa,382.417.950-41,1998-11-18,Feminino,Pires da Serra,CE,Soldado,19427.52,558.51,Standard,Inativa,2024-01-26,
148,2023-11-30,Rael Pastor,690.518.237-03,1972-07-28,Masculino,Nascimento,CE,Imunologista,17368.06,481.39,Economy,Inativa,2025-03-06,
149,2022-04-04,Vitória Porto,568.402.719-94,1976-03-01,Feminino,Pimenta Verde,AP,Tecnólogo em Ciências das plantas medicinais,16550.97,602.55,Standard,Ativa,2023-02-21,
150,2021-04-18,Marcelo Sales,286.341.750-90,1956-06-18,Feminino,Porto de Nascimento,RR,Supervisor,3644.55,724.9,Economy,Ativa,2022-08-14,
151,2025-04-13,Davi Miguel Cirino,570.628.349-47,1959-09-04,Outro,Novais do Galho,RS,Ombudsman,10046.56,329.81,Economy,Inativa,2025-05-04,
152,2022-09-03,Rebeca Cavalcante,103.286.947-03,1978-02-23,Feminino,Vasconcelos,PB,Profissional de áudio,13070.06,717.99,Premium,Inativa,2024-10-08,
153,2024-05-04,Danilo da Mata,850.693.147-93,1994-01-19,Feminino,da Rosa,AL,Meredeira,9605.15,684.04,Premium,Ativa,2025-01-17,
154,2021-12-10,Isaac Costela,956.147.802-11,1999-08-20,Outro,Nascimento Paulista,RN,Pianista,16287.3,690.38,Standard,Cancelada,2022-04-06,
155,2021-06-20,Aylla Carvalho,604.951.782-76,2006-05-30,Feminino,da Cruz das Flores,PR,Cirurgião bucal,3224.37,845.74,Premium,Inativa,2022-09-07,2023-11-07
156,2023-07-07,Ana Vitória Porto,164.523.790-70,1965-03-19,Outro,Siqueira,PB,Serventuário,16894.65,574.11,Economy,Inativa,2024-05-22,
157,2023-12-13,Maria Laura Cunha,637.295.480-00,1970-05-28,Feminino,Viana de Fernandes,RO,Artista de circo,9186.57,565.37,Standard,Ativa,2024-01-20,
158,2020-11-08,Davi Castro,790.315.284-04,1985-12-11,Masculino,Rezende,MS,Engenheiro de ergonomia,8596.34,807.03,Economy,Cancelada,2024-11-06,
159,2021-01-14,Miguel Pires,436.507.981-66,1988-03-02,Masculino,Cardoso,RJ,Eletricista de automóveis,6610.58,734.5,Standard,Inativa,2024-01-07,
160,2023-03-24,Sr. Otávio Sales,271.830.456-17,1975-06-11,Outro,da Rosa Grande,MG,Ciclista,6442.69,301.41,Economy,Inativa,2023-03-31,
161,2023-11-02,Alexia Pimenta,275.816.394-28,1988-11-25,Outro,Borges,AM,Cinegrafista,19979.69,569.3,Premium,Inativa,2023-12-16,
162,2024-05-22,Luara Vieira,234.501.986-70,1983-10-28,Feminino,Costela do Galho,RN,Panfleteiro,7650.14,719.58,Standard,Inativa,2024-11-11,
163,2021-07-27,Thales Gomes,137.540.692-25,1972-05-07,Masculino,Gomes,TO,Profissional de educação física,19644.33,431.34,Standard,Ativa,2024-03-11,
164,2022-09-24,Ana Sophia Almeida,910.287.456-30,1981-04-26,Feminino,Lima das Flores,AP,Soldado,2307.48,709.59,Economy,Inativa,2023-03-25,
165,2023-04-24,Bruno Moraes,325.940.861-42,1985-05-11,Outro,Araújo,ES,Berçarista,16159.28,658.61,Premium,Inativa,2023-12-15,
166,2025-04-02,Leonardo Rios,210.587.639-03,1956-05-10,Masculino,Cavalcante da Praia,BA,Engenheiro industrial,10792.39,624.6,Premium,Inativa,2025-06-25,
167,2024-04-17,Júlia Moura,149.368.207-50,1956-06-22,Feminino,Freitas,CE,Engenheiro de minas,1783.93,379.29,Economy,Ativa,2025-06-30,2024-09-27
168,2024-06-29,Dra. Agatha Aparecida,039.826.175-02,2001-06-30,Feminino,Câmara Alegre,ES,Lubrificador de máquinas,7763.38,680.99,Economy,Ativa,2025-04-04,2024-08-15
169,2025-03-17,Maria Fernanda Campos,802.149.356-98,1968-03-08,Outro,Vasconcelos da Mata,MT,Berçarista,17397.83,509.01,Standard,Cancelada,2025-07-22,
170,2023-05-24,Liz Sousa,937.248.160-22,1950-02-02,Feminino,Abreu,PA,Alergologista,17639.09,319.74,Premium,Ativa,2023-11-03,
171,2021-10-16,Lucas Gabriel Abreu,641.789.350-20,1969-09-20,Feminino,Silva,GO,Bóia-fria,19952.38,710.72,Standard,Ativa,2025-01-05,
172,2020-11-05,Maria Fernanda Marques,192.530.486-89,1963-01-20,Outro,da Rocha,GO,Forneiro,17642.72,544.02,Economy,Inativa,2024-11-21,
173,2025-04-04,Dr. Rael da Mata,319.840.652-89,1972-06-02,Masculino,Martins de Dias,PA,Carteiro,7500.93,330.87,Standard,Inativa,2025-07-26,
174,2023-04-23,Ravi da Luz,192.657.038-30,2005-07-29,Masculino,Borges,RR,Engenheiro de controle e automação,11326.58,611.26,Premium,Ativa,2023-10-16,
175,2025-06-21,José Pedro Cavalcanti,067.458.193-84,1972-08-11,Outro,Vieira,BA,Cartógrafo,17610.53,640.84,Premium,Inativa,2025-06-23,
176,2020-09-07,Gael Henrique Guerra,514.609.738-01,1997-10-15,Masculino,Borges,TO,Geólogo,5795.49,650.85,Standard,Inativa,2025-07-17,
177,2021-03-28,Marina Silveira,670.359.148-20,2004-04-12,Feminino,da Mota,GO,Médico legista,18172.37,672.69,Premium,Ativa,2021-06-17,
178,2025-01-17,Juan Monteiro,687.092.351-59,1951-08-22,Feminino,Ramos,SE,Pedreiro,19771.56,464.53,Standard,Cancelada,2025-05-28,
179,2021-11-15,Mateus Viana,578.249.613-46,2007-04-14,Feminino,Alves,MT,Químico farmacêutico,5185.51,511.58,Standard,Ativa,2023-11-30,
180,2021-09-21,Ravy Moura,532.019.786-12,2001-07-31,Outro,Oliveira,SE,Jogador de tênis de mesa,8140.74,462.73,Economy,Inativa,2024-10-05,
181,2022-05-27,Luiza Sousa,509.461.732-06,1998-04-21,Outro,Mendonça,AL,Biomédico,8822.41,304.45,Economy,Cancelada,2025-02-16,2022-12-20
182,2020-11-27,Agatha Farias,932.751.608-77,1984-07-10,Outro,Pastor,RR,Cirurgião bucal,15285.68,758.06,Standard,Ativa,2020-12-31,
183,2024-07-01,Marcelo Santos,615.298.473-46,1998-09-21,Feminino,Rezende de Dias,CE,Traumatologista,5551.58,404.57,Standard,Cancelada,2025-06-21,
184,2025-06-21,Sr. Erick Garcia,492.150.378-88,1989-11-08,Outro,Pereira,MT,Repórter,14095.82,375.23,Premium,Cancelada,2025-08-13,
185,2021-09-24,Lucas Souza,135.290.674-07,1982-06-06,Feminino,Costela de Goiás,RR,Ator,16089.29,318.35,Standard,Cancelada,2025-05-19,
186,2022-05-19,Matheus Macedo,629.378.501-03,1995-04-11,Feminino,Castro,PB,Avalista,7544.3,528.53,Premium,Ativa,2024-09-20,
187,2024-08-16,Cauã Barbosa,526.190.478-11,1951-07-26,Feminino,Lopes,RS,Consultor de moda,11320.77,802.42,Premium,Inativa,2024-08-23,
188,2023-08-31,Sr. Gabriel Jesus,894.526.107-94,1974-10-24,Feminino,Oliveira da Prata,TO,Odontopediatra,19396.61,462.33,Standard,Ativa,2023-10-08,
189,2021-05-24,Rhavi Costa,103.952.867-86,1970-07-22,Masculino,Viana das Flores,PR,Odontologista legal,4104.0,831.58,Economy,Cancelada,2023-03-16,
190,2025-02-06,Ester Freitas,652.307.914-70,1964-12-30,Feminino,da Mata,RJ,Astrônomo,19394.49,742.52,Standard,Ativa,2025-06-09,
191,2021-05-20,Manuella Nogueira,630.984.521-70,1990-01-09,Masculino,Melo,MA,Baixista,6392.48,367.97,Standard,Cancelada,2021-10-16,
192,2022-08-08,Stella Oliveira,921.637.408-03,1999-02-26,Feminino,Aparecida,PA,Baixista,12314.36,752.33,Standard,Ativa,2022-09-15,
193,2025-07-27,Clara Peixoto,451.039.827-14,1974-11-18,Feminino,Moreira dos Dourados,AC,Torneiro mecânico,1962.96,786.33,Economy,Inativa,2025-08-17,
194,2023-09-29,Clarice Casa Grande,918.402.673-13,1979-12-08,Masculino,Rezende do Amparo,RJ,Regente,13481.57,649.47,Standard,Cancelada,2024-07-14,
195,2022-12-29,Maria Liz Andrade,653.087.219-12,1959-08-13,Feminino,Vieira da Mata,MA,Epidemiólogo,3658.5,324.94,Premium,Inativa,2024-01-21,
196,2024-11-03,Davi Luiz da Rosa,754.839.061-01,1999-05-28,Masculino,Jesus,SC,Obstetra,3298.05,787.99,Premium,Inativa,2025-05-19,
197,2024-06-04,Eduarda Azevedo,486.195.032-51,1999-12-04,Outro,Araújo,ES,Anestesiologista,19063.54,683.07,Economy,Inativa,2025-05-31,
198,2022-11-28,Léo Martins,861.507.243-44,2002-11-15,Outro,Melo,RJ,Porteiro,4358.67,528.19,Premium,Inativa,2024-10-28,
199,2022-05-18,Dra. Ayla da Paz,069.148.527-58,1959-02-10,Feminino,da Mata,RS,Lenhador,2105.25,503.79,Standard,Inativa,2025-04-14,
200,2023-03-12,Alexia Melo,290.184.536-33,1999-10-11,Feminino,Garcia da Praia,PB,Engenheiro de iluminação,3338.06,677.12,Economy,Cancelada,2025-07-19,
201,2021-09-19,Maria Laura Pacheco,105.476.298-85,1967-02-25,Feminino,Azevedo de Fernandes,GO,Soldado,6603.81,832.51,Standard,Ativa,2023-10-02,
202,2022-04-03,Letícia Correia,283.047.956-47,1965-09-08,Outro,Rezende,PR,Estoquista,13330.62,834.1,Premium,Inativa,2024-06-19,
203,2021-12-03,Gabriel Fernandes,387.524.609-83,1973-11-26,Masculino,Brito do Amparo,BA,Engenheiro de produção agroindustrial,16059.09,412.86,Economy,Ativa,2023-05-12,
204,2024-04-02,Lívia Rezende,135.972.864-37,1982-01-19,Masculino,Pacheco da Mata,PB,Carnavalesco,7578.35,381.15,Economy,Ativa,2025-07-05,
205,2022-12-24,Ana Sophia Melo,381.659.270-86,1999-11-17,Masculino,Carvalho,DF,Gestor público,19769.26,597.12,Premium,Ativa,2024-07-10,
206,2022-09-03,Cecília Dias,217.958.630-21,1982-08-27,Masculino,Machado,GO,Digitador,3938.36,497.03,Premium,Cancelada,2025-05-09,
207,2024-06-07,Aurora Cardoso,968.375.402-38,1959-05-29,Masculino,Siqueira,MS,Agente de combate à endemias,6409.3,369.72,Standard,Cancelada,2025-05-07,
208,2025-02-01,André Pires,395.210.867-77,1993-07-11,Masculino,Azevedo,TO,Arranjador musical,10310.55,727.91,Economy,Cancelada,2025-05-17,
209,2022-02-12,Valentina Fernandes,625.381.490-70,1966-06-30,Outro,Câmara,SC,Chaveiro,5598.67,638.31,Economy,Cancelada,2024-09-02,
210,2021-09-06,Luiz Otávio Silva,064.875.923-74,1950-11-25,Feminino,Rezende,TO,Agricultor,13401.8,317.13,Standard,Inativa,2023-09-03,
211,2020-11-13,Yan da Cunha,723.560.814-53,1956-05-05,Masculino,Pinto Grande,PA,Caixa,10569.97,800.34,Premium,Ativa,2022-12-25,
212,2023-03-09,Theo Costa,934.671.285-64,1985-06-15,Masculino,Castro do Norte,PI,Operador de telemarketing,2715.12,451.26,Economy,Cancelada,2023-11-16,
213,2025-03-07,Alexandre Albuquerque,197.804.523-97,1989-07-17,Feminino,Ramos de Goiás,PB,Farmacêutico,8546.73,628.57,Standard,Inativa,2025-05-24,
214,2021-12-12,João Vitor Fonseca,561.089.724-67,1952-07-13,Feminino,Fogaça dos Dourados,RN,Engenheiro florestal,3334.8,685.98,Economy,Cancelada,2024-12-09,
215,2025-01-07,Danilo Guerra,674.935.820-92,1955-01-08,Outro,Cardoso,RR,Webdesigner,14835.54,418.26,Standard,Ativa,2025-07-07,
216,2020-12-02,Rafaela Nunes,726.984.053-92,2004-04-16,Feminino,Mendonça de Camargo,PA,Mecânico de vôo,8876.51,701.29,Standard,Inativa,2021-09-02,
217,2020-11-08,Dra. Valentina Vargas,935.467.018-01,1964-10-20,Feminino,Ferreira de Ribeiro,RO,Soldador,8424.57,383.95,Standard,Ativa,2022-05-10,
218,2022-07-21,Anthony Ramos,287.631.049-03,1998-04-17,Masculino,Farias,GO,Artista/Técnico em espetáculos de diversões,3224.76,353.11,Economy,Inativa,2024-04-08,2025-08-04
219,2023-03-01,Bruno Marques,791.635.208-77,1981-07-22,Outro,Caldeira,MG,Líder comunitário,2609.65,826.14,Economy,Inativa,2024-02-05,
220,2020-10-21,Liz Moraes,837.260.195-02,1981-06-23,Feminino,Silva de Ribeiro,MS,Velejador,8041.56,665.94,Standard,Cancelada,2024-10-15,
221,2022-11-21,Dr. Yan Moreira,510.836.974-39,1955-04-13,Feminino,Correia,AM,Judoca,12607.59,493.41,Economy,Cancelada,2024-09-10,2022-11-23
222,2021-09-14,Sr. Oliver Aparecida,917.354.860-00,1997-06-14,Outro,Novaes,PA,Promotor de eventos,10420.5,766.0,Standard,Cancelada,2022-06-14,
223,2023-01-16,Erick Siqueira,216.547.938-09,1979-02-10,Feminino,Pereira de Goiás,GO,Kite-surfer,12120.85,743.97,Economy,Cancelada,2025-06-04,
224,2025-06-12,Davi Miguel Jesus,984.657.230-10,2005-11-30,Outro,Costela,RN,Urbanista,11799.69,634.95,Economy,Cancelada,2025-07-12,
225,2022-01-29,Dra. Emanuelly Montenegro,851.624.397-46,1969-08-27,Masculino,Lima do Sul,PE,Cambista,6555.5,719.33,Standard,Inativa,2024-06-19,
226,2020-10-02,João Pedro Rodrigues,420.581.796-76,1958-01-21,Masculino,Pimenta,RO,Produtor editorial,11976.94,520.43,Premium,Cancelada,2024-01-08,2021-09-23
227,2024-12-14,Thomas Viana,406.372.851-07,1992-09-08,Masculino,Pinto,SP,Médico,3197.52,591.77,Standard,Inativa,2025-05-01,
228,2024-10-11,Maria Eduarda Sá,983.651.240-33,2002-06-29,Masculino,Cirino,CE,Paramédico,8345.98,696.88,Economy,Cancelada,2025-05-18,
229,2021-03-23,José Miguel Abreu,572.018.649-20,1951-12-26,Masculino,Vieira de Oliveira,PI,Headhunter,4378.23,714.94,Premium,Cancelada,2022-06-15,2022-05-22
230,2020-12-28,Ana Lívia Viana,826.473.015-90,1990-09-03,Feminino,Ribeiro,MT,Geólogo,13745.87,567.11,Standard,Inativa,2023-06-06,2025-06-06
231,2022-06-07,Olívia Novais,015.384.796-48,1962-04-19,Outro,Vieira do Campo,MG,Engenheiro de petróleo,3605.62,536.45,Standard,Cancelada,2024-11-02,
232,2023-05-01,Dr. Ryan Aparecida,435.907.126-43,1966-01-12,Feminino,Costela,RO,Selecionador de pessoal,11248.28,469.63,Premium,Inativa,2025-06-04,
233,2024-06-30,Gustavo Nascimento,612.037.954-16,1999-10-18,Masculino,Cavalcanti,SE,Engenheiro de horticultura,1642.21,465.78,Premium,Ativa,2024-12-22,
234,2023-06-02,Nicolas Gomes,768.203.594-38,1982-12-23,Feminino,Sá,SC,Promotor de eventos,7570.26,304.25,Economy,Inativa,2023-12-02,
235,2020-11-08,Bianca da Rocha,419.635.720-25,1998-10-29,Feminino,Castro de Nascimento,ES,Cientista de alimentos,11352.77,426.56,Economy,Cancelada,2022-07-24,
236,2024-05-12,Diego da Rosa,502.869.374-92,1995-11-03,Masculino,Costela da Praia,DF,Líder comunitário,8845.82,708.12,Standard,Ativa,2025-06-09,
237,2025-02-26,Henry Pimenta,431.759.026-34,1999-01-05,Masculino,da Rocha,RO,Atleta de tiro com arco,17449.04,616.67,Economy,Inativa,2025-03-22,
238,2021-11-18,Dr. Davi Lucas Rios,314.708.269-50,1961-01-29,Feminino,Pimenta da Mata,RR,Projetista mecânico,6856.03,522.77,Standard,Ativa,2024-01-21,
239,2021-05-22,Eloá Abreu,538.967.210-03,1982-07-04,Outro,Mendes dos Dourados,PB,Hematologista,10011.79,679.29,Standard,Ativa,2024-10-24,
240,2024-07-02,Anna Liz da Mota,283.950.476-65,1977-11-15,Masculino,Vargas Verde,DF,Apontador de mão-de-obra,6001.35,623.88,Economy,Ativa,2024-08-15,
241,2023-05-21,Clarice Fonseca,634.187.092-22,1981-02-23,Feminino,Ribeiro,ES,Representante comercial,15297.39,421.86,Premium,Ativa,2025-08-16,
242,2024-01-18,Felipe Nunes,927.801.356-03,1993-07-18,Masculino,Freitas de Goiás,AL,Técnico em taquigrafia,11316.19,406.65,Standard,Inativa,2024-04-08,
243,2021-08-29,Mirella Aparecida,051.842.639-42,2002-04-11,Outro,Rezende das Flores,MS,Promotor público/de justiça,16578.18,429.95,Premium,Inativa,2023-02-03,
244,2023-11-23,Heloisa Moreira,658.394.027-29,1998-01-31,Outro,Cavalcante de da Conceição,AP,Paramédico,4328.09,717.53,Premium,Ativa,2024-10-15,
245,2023-11-05,Sr. Ian Leão,517.936.820-03,1961-11-23,Outro,Almeida de Goiás,AL,Ceramista,10641.16,714.95,Economy,Inativa,2024-03-05,
246,2023-06-30,Diogo Araújo,249.836.071-96,1958-12-22,Outro,Cunha,PB,Recreador,13395.35,842.59,Standard,Cancelada,2024-11-02,
247,2025-08-04,Cecília Vieira,924.158.370-32,1999-12-06,Feminino,Garcia,MG,Chefe de cozinha,2763.3,543.21,Standard,Inativa,2025-08-06,
248,2021-03-03,Mariah Cassiano,912.345.076-25,1961-05-13,Feminino,Mendes,RO,Chargista,10885.73,470.72,Standard,Ativa,2025-01-01,
249,2025-02-19,Marina Moreira,650.843.192-70,1980-11-27,Feminino,Pastor Verde,AM,Mágico,2919.52,775.34,Premium,Cancelada,2025-02-19,2025-08-06
250,2021-04-18,João Miguel Peixoto,864.105.723-44,1977-04-20,Feminino,Rezende do Oeste,RR,Fotógrafo,10060.17,604.87,Economy,Ativa,2022-04-21,
251,2022-09-02,Isis da Luz,865.423.197-19,1955-10-23,Outro,Freitas,PI,Prensista,13558.99,476.84,Standard,Cancelada,2023-12-06,
252,2023-01-17,Sra. Cecilia Ribeiro,137.659.084-01,2006-12-17,Masculino,Novaes do Norte,CE,Jogador de vôlei,9834.68,746.03,Standard,Cancelada,2024-07-15,
253,2025-06-14,Maya Borges,143.208.569-70,1949-12-08,Outro,Pimenta do Galho,MA,Trompetista,4692.34,436.26,Standard,Inativa,2025-06-19,2025-06-23
254,2025-06-12,Thales Macedo,034.197.625-34,1952-12-17,Outro,Fonseca,ES,Técnico de gesso,4436.8,505.07,Standard,Inativa,2025-08-02,
255,2020-08-17,Maria Rios,693.405.821-60,1958-10-05,Feminino,Ferreira Paulista,ES,Recepcionista,14059.61,328.8,Economy,Cancelada,2025-08-12,
256,2025-06-11,José Pedro Cavalcanti,681.409.275-11,1976-01-02,Feminino,Nascimento Verde,GO,Terapeuta floral,3248.36,673.11,Standard,Inativa,2025-07-08,
257,2022-11-03,Lucca Vasconcelos,790.382.516-02,1971-07-02,Outro,Dias,PA,Guardador de veículos,19341.59,631.49,Premium,Inativa,2024-03-09,
258,2023-03-18,Murilo Rocha,512.379.846-37,1950-03-11,Outro,Souza,RO,Dançarino,4116.43,492.4,Economy,Cancelada,2025-03-22,2023-10-23
259,2023-02-14,Gustavo da Conceição,395.107.426-43,1961-03-17,Masculino,Teixeira,PI,Arqueólogo,12508.26,815.9,Standard,Cancelada,2024-12-18,
260,2024-11-13,Kamilly Mendonça,284.317.506-26,1971-02-27,Feminino,Nogueira de Andrade,PE,Governador,16543.92,668.56,Economy,Cancelada,2025-02-08,
261,2022-08-06,Valentim Marques,508.913.762-59,1989-06-08,Masculino,Cirino da Prata,GO,Enfermeiro,13451.46,532.87,Standard,Ativa,2023-02-15,
262,2021-12-22,Theo Lima,365.298.704-74,2005-03-22,Masculino,Brito,SC,Engenheiro mecânico,19096.63,487.95,Standard,Ativa,2023-03-25,
263,2024-08-25,Diogo Sousa,270.135.694-61,1981-11-02,Masculino,da Rosa de da Cunha,PI,Profissional de comércio exterior,4366.49,462.69,Premium,Cancelada,2025-06-27,
264,2020-11-12,José Miguel Melo,175.268.490-76,1955-05-15,Outro,Campos da Praia,RO,Recepcionista,17848.12,320.76,Standard,Cancelada,2021-08-23,
265,2021-08-15,João Miguel Fogaça,587.693.012-12,1983-01-11,Feminino,Pires de Casa Grande,CE,Soldado,4353.68,399.47,Economy,Cancelada,2024-03-22,
266,2024-08-31,Maria Luiza Barbosa,125.987.436-28,1969-03-13,Masculino,da Mata dos Dourados,SP,Ilustrador,14841.89,324.03,Standard,Cancelada,2025-04-10,
267,2024-05-14,Francisco Almeida,234.560.178-71,1979-11-04,Feminino,Brito,AP,Nadador,12796.02,713.82,Standard,Ativa,2024-12-07,
268,2023-05-15,Cauã da Luz,921.538.706-40,1951-02-27,Feminino,Pires de Cardoso,BA,Peixeiro,19363.54,731.4,Premium,Inativa,2024-04-06,
269,2024-10-26,Dr. Ravi Lucca Nogueira,487.159.623-00,1951-04-15,Outro,Moura da Prata,MA,Governador,19712.14,553.92,Standard,Inativa,2025-05-10,
270,2023-01-13,Luiz Otávio Jesus,429.067.138-13,1962-10-20,Feminino,Nascimento de Albuquerque,RR,Office-boy,19375.96,749.29,Economy,Ativa,2023-04-07,
271,2025-05-13,Lavínia Peixoto,305.194.768-75,1977-04-19,Masculino,Silva,SC,Surfista,13361.81,780.76,Economy,Ativa,2025-05-13,
272,2022-07-30,Isabella Moreira,948.567.210-11,1971-07-29,Outro,Cirino,BA,Estampador de tecidos,17246.57,456.78,Premium,Inativa,2023-05-19,
273,2021-03-06,Dra. Rebeca Correia,502.846.193-70,1976-01-14,Outro,Cardoso dos Dourados,SC,Advogado,4225.95,540.61,Premium,Inativa,2023-03-12,
274,2021-10-16,Dr. Leonardo Viana,759.802.634-38,1958-05-15,Masculino,Vasconcelos das Flores,AP,Plastimodelista,9175.59,518.05,Standard,Ativa,2023-09-07,
275,2022-12-23,Alice Campos,367.150.894-93,1960-10-10,Masculino,Melo,MG,Tecnólogo em processos químicos,8435.88,315.5,Premium,Cancelada,2025-03-17,
276,2025-06-08,Srta. Stephany Campos,479.120.685-11,2003-12-05,Masculino,Duarte do Sul,CE,Engenheiro sanitarista,4045.59,457.78,Standard,Cancelada,2025-06-19,
277,2023-07-21,Renan Sales,925.601.437-80,1972-08-01,Outro,Teixeira do Norte,AL,Guitarrista,10178.54,638.44,Premium,Ativa,2024-01-21,
278,2023-11-07,Ryan da Conceição,589.631.024-24,1990-04-21,Masculino,Silveira Grande,GO,Argumentista,11652.88,699.98,Economy,Inativa,2025-04-04,
279,2023-01-20,Sra. Esther Nunes,285.973.640-92,1975-01-02,Feminino,Moura,BA,Meredeira,5896.34,367.02,Premium,Inativa,2023-10-24,
280,2022-02-08,Thiago Garcia,205.641.938-60,1964-11-25,Outro,Correia do Galho,RO,Operador de vídeo,9956.6,360.97,Standard,Cancelada,2023-05-26,
281,2024-06-15,Luna Camargo,189.075.632-68,1958-07-27,Outro,Correia de Brito,AL,Profissional de hotelaria,11034.45,433.07,Premium,Inativa,2024-10-14,
282,2023-11-02,Jade Aragão,531.078.694-57,1972-03-02,Outro,Novais das Pedras,TO,Instalador de linha telefônica,8027.1,613.87,Premium,Cancelada,2024-09-17,
283,2024-08-07,Ana Cecília Siqueira,149.780.523-60,1953-01-04,Outro,Correia do Oeste,PE,Técnico em agropecuária,19531.11,337.22,Economy,Cancelada,2025-03-26,
284,2021-11-14,Dra. Maria Vitória Souza,157.863.042-80,1985-11-23,Outro,Montenegro Alegre,RO,Comprador,11751.81,514.75,Standard,Ativa,2022-07-17,
285,2023-04-19,Dr. Marcelo Jesus,653.491.728-91,1984-06-03,Feminino,Machado dos Dourados,MG,Acompanhante,6192.53,308.93,Premium,Inativa,2025-06-22,
286,2024-04-04,Catarina da Rosa,043.129.578-60,2006-08-21,Outro,Andrade,PB,Guitarrista,13122.75,724.33,Economy,Inativa,2025-01-27,
287,2021-05-29,Igor da Cunha,416.980.257-85,1964-12-30,Feminino,Sales de Sampaio,RJ,Borracheiro,11601.25,747.43,Premium,Cancelada,2025-02-28,
288,2023-08-09,Maria Helena Barros,058.637.942-83,1967-01-19,Outro,Aragão da Mata,PE,Armeiro,10352.83,400.25,Premium,Ativa,2025-01-30,
289,2022-03-23,Srta. Daniela Aragão,671.832.504-07,1982-05-24,Feminino,Barros do Amparo,RJ,Artista plástico,2184.2,410.88,Premium,Ativa,2023-05-03,
290,2023-05-15,Caroline Teixeira,273.864.190-31,1964-11-09,Feminino,Barbosa,GO,Maquiador,11034.6,844.02,Economy,Inativa,2024-04-08,
291,2022-03-30,Maria Sophia Lima,593.264.017-07,2003-03-24,Outro,Pimenta dos Dourados,RN,Classificador contábil,5035.41,496.34,Premium,Cancelada,2022-07-18,
292,2022-10-30,Maria Fernanda Cassiano,190.846.275-20,2003-03-26,Masculino,das Neves,PB,Músico,16287.83,540.32,Standard,Cancelada,2023-06-25,
293,2020-09-27,Yago Moreira,487.951.063-75,1961-10-01,Feminino,Cavalcante do Norte,MA,Designer de interiores,7772.18,402.75,Economy,Inativa,2023-05-15,
294,2024-07-28,Alexia Azevedo,645.907.231-07,1985-06-20,Outro,Garcia,PE,Triatleta,6434.33,345.44,Standard,Ativa,2024-08-17,
295,2021-02-14,Aurora Cirino,387.450.691-66,1967-12-04,Masculino,Mendonça das Flores,SC,Compositor,11591.28,476.67,Premium,Inativa,2025-01-10,
296,2020-09-19,Isaac Montenegro,409.387.256-29,1989-04-26,Feminino,Gonçalves Grande,AP,Zelador,9749.44,694.71,Premium,Cancelada,2022-06-18,
297,2022-07-16,Heloísa Leão,326.847.950-29,2005-05-05,Feminino,Rezende,BA,Profissional de relações internacionais,2283.57,778.52,Standard,Cancelada,2024-06-06,
298,2023-05-03,Vinicius Carvalho,628.704.531-08,1996-01-13,Feminino,Siqueira,AC,Fundidor,13330.18,735.31,Premium,Ativa,2025-04-24,
299,2025-01-11,Kamilly Cassiano,312.804.795-23,1973-08-23,Feminino,da Conceição,RO,Almirante,8221.26,740.6,Economy,Ativa,2025-04-11,
300,2022-06-04,Olivia Silva,526.371.408-44,1989-07-16,Masculino,Jesus,SP,Agente de defesa sanitária,17200.38,672.95,Standard,Ativa,2023-12-14,
301,2025-04-03,Gabriela Sá,312.946.780-78,2004-09-26,Masculino,Guerra do Norte,RN,Jogador de badminton,15902.53,501.48,Standard,Cancelada,2025-05-03,
302,2024-03-24,Valentina Ramos,081.369.725-59,1972-06-27,Masculino,Novais,MG,Passador,14062.65,821.85,Standard,Inativa,2025-07-17,2025-01-10
303,2024-06-14,Maria Laura da Rosa,472.389.056-47,2005-06-16,Outro,Ramos de Machado,AP,Vigilante noturno/diurno,4047.36,501.82,Standard,Cancelada,2024-09-03,
304,2023-02-17,Dra. Catarina Gonçalves,657.013.849-93,1960-01-21,Masculino,Duarte da Serra,RR,Catador de carangueijos,1979.4,402.33,Economy,Inativa,2024-08-04,
305,2021-01-30,Vinicius Santos,682.349.051-98,1990-08-03,Masculino,Castro,BA,Corredor de atletismo,6342.87,443.16,Standard,Ativa,2023-12-19,
306,2024-06-22,Sra. Laura Pires,219.804.756-01,1952-08-08,Feminino,Monteiro de Nogueira,SE,Administrador de banco de dados DBA,14338.64,849.25,Premium,Ativa,2024-10-30,
307,2023-09-01,Olívia Marques,671.490.823-78,1978-04-01,Masculino,Aragão,CE,Co-piloto,9862.79,794.27,Standard,Ativa,2024-02-03,
308,2020-11-25,Kaique Farias,109.375.268-86,1969-11-14,Feminino,Souza de Pacheco,MS,Apicultor,13855.04,690.25,Economy,Cancelada,2021-08-03,
309,2021-02-03,Ana Lívia Teixeira,681.237.094-04,1966-12-27,Feminino,Moura das Pedras,PE,Digitador,17250.2,691.5,Economy,Cancelada,2022-10-06,
310,2024-02-09,Dra. Vitória Borges,746.825.901-11,1985-02-15,Feminino,Monteiro de Cirino,RN,Encanador,10911.98,366.75,Premium,Ativa,2024-04-09,
311,2024-03-03,Ravi Lucca Pires,136.802.475-08,2006-06-04,Feminino,Porto,DF,Telegrafista,1986.25,604.71,Standard,Inativa,2024-03-03,
312,2022-01-13,Luna Vargas,015.234.976-61,1995-06-17,Outro,Fernandes do Amparo,PR,Apicultor,3900.77,786.34,Premium,Inativa,2023-02-21,
313,2023-11-09,Lívia Martins,604.752.831-71,1977-07-22,Outro,Azevedo Grande,GO,Amolador de ferramentas,14799.09,589.13,Standard,Cancelada,2024-12-19,
314,2022-04-28,Maria Julia Cirino,914.520.687-20,1971-05-24,Feminino,da Costa de Freitas,PB,Ferroviário,13383.26,547.49,Economy,Cancelada,2024-02-02,2022-11-14
315,2021-09-15,Guilherme Borges,780.634.195-10,1967-03-01,Outro,Siqueira de Moura,MA,Gastrônomo,13336.19,400.08,Premium,Inativa,2022-02-22,
316,2021-05-05,Caroline Costela,076.549.813-84,2000-03-11,Masculino,Farias,PB,Arrumadeira,16880.73,584.96,Standard,Ativa,2024-11-12,
317,2021-02-21,Leonardo Porto,359.128.460-24,1994-01-24,Outro,Cassiano da Serra,GO,Capitão,5671.2,821.12,Economy,Inativa,2024-06-26,
318,2020-09-13,Vitor Hugo Ferreira,854.192.607-94,1985-10-04,Feminino,Pimenta Alegre,PI,Médico cirurgião,5131.59,825.99,Standard,Ativa,2023-03-27,
319,2020-11-17,Cauê Gomes,016.384.725-80,1951-04-24,Outro,Farias do Oeste,RR,Técnico tributarista,11369.34,576.42,Premium,Cancelada,2025-03-03,
320,2024-09-03,Caroline Borges,719.253.406-43,1954-03-08,Masculino,Pimenta,GO,Implantodontista,4667.21,643.46,Economy,Inativa,2025-07-22,
321,2022-08-03,Dr. Ryan Alves,179.235.846-64,1990-03-16,Outro,Moraes,AM,Lavador de veículos,2262.09,775.08,Premium,Ativa,2024-08-11,
322,2024-09-18,Ana Sophia Vieira,487.396.120-31,1995-11-03,Outro,Mendes,MG,Atleta de nado sincronizado,6396.13,415.94,Economy,Inativa,2025-01-04,
323,2022-05-01,Manuela Nogueira,321.564.907-16,1996-10-31,Masculino,Novais do Campo,TO,Médico geneticista,10713.7,644.94,Standard,Cancelada,2024-04-12,
324,2021-07-04,Mateus Duarte,701.964.832-04,2005-01-25,Feminino,Nascimento de da Rocha,MG,Retificador,6030.24,744.04,Standard,Inativa,2021-10-16,
325,2023-07-08,Dr. Kevin Lopes,510.463.897-93,1960-12-23,Outro,Novaes do Norte,AC,Toxicologista,2608.39,541.78,Standard,Inativa,2024-12-15,
326,2023-06-06,Arthur da Costa,695.738.410-10,2006-05-23,Outro,Melo,BA,Crítico,4157.87,773.82,Standard,Cancelada,2023-09-02,
327,2023-05-28,Daniela da Paz,290.756.183-95,1998-07-17,Feminino,Carvalho de Minas,BA,Somelier,19544.42,371.92,Standard,Cancelada,2024-03-15,
328,2024-08-28,Dra. Mariana Pinto,276.435.908-00,1999-07-08,Feminino,Pereira do Sul,RJ,Optometrista,5972.15,367.39,Standard,Ativa,2025-07-11,
329,2024-11-11,Ísis Oliveira,508.432.761-26,1963-05-12,Masculino,Casa Grande,SC,Zootecnista,6868.92,511.28,Economy,Inativa,2025-03-31,
330,2023-04-05,Ravi Lucca Moreira,189.730.254-14,1999-06-21,Masculino,Nascimento do Sul,PR,Metalúrgico,16549.34,813.56,Economy,Inativa,2025-01-14,
331,2023-03-11,Maria da Rocha,420.598.671-85,1976-11-04,Masculino,Oliveira,AL,Técnico em agropecuária,10717.91,583.1,Standard,Inativa,2024-12-23,
332,2025-07-31,Ryan Barros,281.695.743-82,1996-07-17,Masculino,da Cunha do Sul,SC,Cantor,18986.81,577.99,Premium,Ativa,2025-08-11,
333,2023-08-25,Melissa Freitas,243.718.056-71,2002-06-01,Masculino,Peixoto,TO,Comandante,2435.0,572.19,Economy,Cancelada,2025-02-10,
334,2024-10-25,Isabela Ribeiro,723.458.061-17,1993-04-15,Outro,Aragão,CE,Moleiro,1651.28,359.12,Premium,Inativa,2025-02-24,
335,2022-08-15,Isabel Garcia,674.183.092-87,1967-02-09,Feminino,Rocha Alegre,PE,Tecnólogo em produção moveleira,8269.84,520.32,Economy,Cancelada,2024-11-12,
336,2025-05-29,Dr. João Gabriel Farias,491.258.370-79,1955-04-11,Outro,Moreira,MT,Tecnólogo em jogos digitais,6839.13,512.49,Standard,Cancelada,2025-07-11,
337,2024-01-30,Alexia Azevedo,061.493.257-25,1960-01-24,Outro,Correia do Norte,AC,Roteirista,14087.37,365.35,Premium,Inativa,2024-12-04,
338,2021-01-31,Davi Santos,192.354.807-79,2004-01-23,Feminino,da Rocha dos Dourados,RO,Babá,11819.89,501.08,Premium,Ativa,2024-01-25,
339,2023-10-28,Luna da Cunha,214.603.785-71,2003-02-22,Feminino,da Luz da Serra,PB,Auditor,10751.44,324.92,Premium,Cancelada,2024-04-27,
340,2023-02-01,Samuel Caldeira,286.140.397-78,2003-06-27,Feminino,Andrade,AP,Auxiliar administrativo,11107.66,381.92,Economy,Ativa,2024-08-20,
341,2023-06-26,Clarice Rezende,096.217.348-78,1964-02-29,Outro,Mendes de Lopes,MG,Windsurfer,7392.81,516.13,Economy,Cancelada,2024-06-09,
342,2024-07-13,Matheus Sales,715.296.304-52,1995-03-07,Outro,Nascimento Alegre,AP,Ministro,7722.91,755.56,Economy,Inativa,2025-02-14,
343,2024-06-06,Ana Cecília Gomes,346.052.971-70,1966-06-12,Feminino,Carvalho,AL,Defensor Público,10285.51,309.15,Standard,Cancelada,2024-09-02,
344,2020-10-02,Ana Luiza Vieira,847.930.615-75,2007-06-02,Feminino,Viana do Norte,MG,Carpinteiro,12298.49,738.22,Economy,Cancelada,2021-11-30,
345,2021-09-07,Zoe Cassiano,931.057.826-21,1987-07-21,Outro,Pinto de Aparecida,ES,Torreiro/Torrista,10279.92,831.89,Economy,Cancelada,2023-09-30,
346,2023-11-15,Calebe Marques,921.605.384-42,1950-06-18,Masculino,Costa,PA,Geriatra,12295.18,393.78,Economy,Cancelada,2024-12-25,
347,2024-09-07,Sr. Yago Carvalho,530.412.789-79,2006-08-05,Feminino,Sá,PA,Contador,4233.85,674.4,Premium,Cancelada,2025-04-29,
348,2024-02-10,Ana Cecília Carvalho,162.038.457-44,1981-09-22,Masculino,Santos,RS,Psiquiatra,5029.51,542.57,Standard,Ativa,2024-10-10,
349,2025-01-23,Carolina Costela,247.315.096-61,1973-10-08,Masculino,Pimenta de Borges,RS,Ferreiro,9091.98,726.23,Standard,Cancelada,2025-07-09,
350,2022-05-14,Vinícius Brito,953.781.206-59,1949-11-22,Outro,Vieira,BA,Tecnólogo em recursos pesqueiros,4054.53,414.04,Standard,Cancelada,2023-02-18,
351,2024-11-05,Augusto Aragão,543.729.608-83,2002-06-29,Feminino,Nascimento,CE,Comprador,7304.42,395.25,Economy,Inativa,2025-03-27,
352,2024-07-22,Pedro Miguel Pastor,956.182.703-40,1977-10-05,Outro,Brito,ES,Líder comunitário,15781.81,696.51,Economy,Cancelada,2024-09-05,
353,2024-12-23,Raquel Aragão,623.471.590-70,1971-05-30,Feminino,Silveira de Correia,RS,Hematologista,5056.89,435.59,Economy,Inativa,2025-02-13,
354,2025-07-04,Dra. Ana Liz da Mota,217.368.904-50,1961-05-10,Feminino,Vieira,SE,Skatista,15766.72,687.7,Economy,Cancelada,2025-07-09,
355,2025-05-23,Heloísa Borges,687.914.352-00,2002-02-24,Feminino,Siqueira,PA,Engenheiro de aquicultura,7952.86,813.54,Economy,Inativa,2025-07-12,
356,2021-11-12,Clarice Oliveira,069.734.812-13,1974-10-25,Outro,Sampaio de Brito,PB,Operador de bombas,14017.51,508.83,Standard,Inativa,2022-09-13,
357,2021-10-30,Sra. Helena Cardoso,543.906.721-34,1982-01-07,Masculino,Santos,PB,Profissional de hotelaria,6873.37,458.2,Economy,Ativa,2021-11-16,
358,2024-05-13,Nathan Cirino,570.698.321-68,1951-01-17,Feminino,da Rocha,PA,Engenheiro mecânico,13635.48,711.04,Premium,Ativa,2024-12-09,
359,2024-02-13,Bruno Pinto,509.863.217-02,1985-02-25,Feminino,Fonseca da Serra,RS,Produtor de audio visual,18760.94,682.89,Premium,Ativa,2024-12-26,
360,2024-02-25,Lucas Gabriel da Costa,817.549.632-00,1982-02-25,Outro,Montenegro das Pedras,GO,Assistente administrativo,5926.72,327.92,Economy,Ativa,2025-04-17,
361,2020-12-10,Camila Melo,894.372.061-04,1969-08-26,Masculino,Barros,MG,Corredor de atletismo,3353.66,481.66,Standard,Ativa,2023-03-22,
362,2022-01-25,Daniel Sampaio,279.614.058-01,2005-02-10,Masculino,Melo,MS,Lutador de luta livre,1595.86,602.69,Premium,Inativa,2022-06-16,
363,2022-11-05,Antônio da Conceição,856.429.371-46,1987-01-07,Feminino,da Rosa de Nunes,BA,Fiscal,10332.8,409.7,Standard,Inativa,2023-08-28,
364,2021-06-26,Benicio Casa Grande,547.186.203-17,1964-09-15,Masculino,Castro,ES,Cardiologista,18296.83,349.2,Economy,Ativa,2023-06-29,
365,2020-10-31,Léo Cirino,380.526.194-24,1967-12-29,Outro,Nascimento,MA,Cartógrafo,17231.16,320.51,Premium,Inativa,2021-06-09,
366,2025-03-25,Raul Dias,205.769.318-02,1973-02-03,Masculino,Fernandes de Sales,AM,Neurocirurgião,18777.57,319.99,Standard,Inativa,2025-06-05,
367,2025-02-16,Apollo Guerra,937.206.548-00,1957-09-18,Outro,Viana,SP,Engraxate,19299.43,809.32,Premium,Ativa,2025-05-27,
368,2021-08-09,Aurora Moraes,637.245.091-70,1954-06-23,Outro,Casa Grande das Pedras,MS,Jogador de handebol,3485.06,840.65,Standard,Inativa,2025-01-08,
369,2022-06-29,Aurora Cunha,769.213.408-13,1966-02-20,Outro,Costela,MA,Navegador,11199.89,789.09,Premium,Cancelada,2023-08-05,
370,2025-07-27,Maria Flor Borges,064.317.829-50,1980-02-04,Masculino,Cirino,TO,Jogador de basquete,16463.06,481.88,Economy,Inativa,2025-08-03,
371,2022-01-27,Kevin Monteiro,873.061.249-78,1978-01-30,Outro,Rezende,RO,Especialista em agronegócios,4944.68,705.14,Standard,Cancelada,2024-12-30,
372,2022-09-18,Arthur Campos,471.952.368-46,1978-02-27,Masculino,Pires do Amparo,RR,Cartazeiro,4746.66,770.88,Standard,Inativa,2024-09-19,
373,2022-06-29,Enrico Pacheco,025.371.896-12,1992-02-20,Masculino,Fonseca das Pedras,RS,Guitarrista,8915.42,352.46,Premium,Inativa,2022-07-19,
374,2020-11-14,Théo Correia,219.475.683-37,1966-07-18,Masculino,Nascimento,RJ,Guarda roupeiro,1626.36,510.97,Standard,Inativa,2023-11-29,
375,2024-09-29,Dr. Noah Fernandes,213.846.590-05,1950-05-18,Feminino,Marques de Minas,AM,Chaveiro,12275.52,615.08,Standard,Cancelada,2025-03-15,
376,2025-03-31,Sr. Pedro Miguel Peixoto,852.970.436-38,1977-06-10,Masculino,Sales,ES,Físico,2649.3,365.02,Standard,Ativa,2025-05-13,
377,2021-04-03,Srta. Ana Vitória Almeida,760.195.483-84,1957-03-07,Outro,Aparecida de Minas,MA,Técnico em segurança do trabalho,18577.46,788.29,Standard,Cancelada,2021-08-06,
378,2020-09-04,Gabrielly Pastor,325.061.894-24,1955-03-24,Feminino,Castro do Galho,SP,Xilógrafo,8299.56,421.47,Premium,Inativa,2021-04-15,
379,2023-09-10,Alice Moura,394.170.586-57,1978-11-29,Outro,Sampaio Verde,CE,Mecânico,19793.5,505.49,Economy,Cancelada,2023-10-28,
380,2023-12-30,Mariana Cunha,836.027.945-47,1955-11-08,Outro,Teixeira de Fonseca,RR,Espeleologista,16336.91,754.08,Premium,Cancelada,2025-05-11,
381,2023-05-31,Matheus da Paz,749.183.260-13,1951-12-26,Masculino,Melo,RO,Inspetor,11221.87,590.5,Standard,Ativa,2024-02-20,
382,2021-07-10,Miguel Macedo,819.735.024-88,2007-07-21,Masculino,Fonseca,DF,Gestor ambiental,2642.52,601.21,Economy,Ativa,2023-07-17,
383,2021-08-17,Otávio Silveira,748.653.219-00,1998-07-31,Masculino,Moraes de da Mota,BA,Meteorologista,4543.94,769.97,Standard,Ativa,2023-03-31,
384,2021-03-02,Catarina Alves,109.358.762-86,1964-03-02,Outro,da Rosa,RN,Sapateiro,12288.23,350.02,Economy,Inativa,2023-05-21,
385,2021-02-09,Nina Costa,478.926.530-74,1954-01-24,Feminino,Lopes,AM,Jogador de boliche,3940.97,528.48,Economy,Ativa,2024-07-03,
386,2022-11-17,Arthur Gabriel Cavalcanti,842.361.759-91,1999-02-04,Outro,Teixeira de Camargo,RJ,Tecnólogo em geoprocessamento,16427.93,697.8,Standard,Inativa,2024-02-04,
387,2023-01-30,Olívia Novais,280.396.451-15,1981-09-30,Outro,Duarte do Norte,AC,Psicólogo,5531.17,340.17,Standard,Inativa,2024-06-15,
388,2020-11-07,Dra. Amanda Teixeira,561.329.870-02,1998-03-03,Outro,da Cruz,ES,Tabelião,19891.29,814.02,Premium,Inativa,2022-07-08,
389,2022-03-10,Lucca Cavalcante,085.937.416-57,1954-07-22,Feminino,Pastor de Almeida,MT,Investigador particular,4829.65,374.49,Economy,Cancelada,2024-07-21,2025-03-06
390,2023-06-25,Beatriz Sales,357.482.169-73,1968-04-30,Feminino,Lopes do Oeste,PR,Serventuário,8427.53,790.23,Standard,Inativa,2023-09-09,
391,2024-11-12,Hadassa da Paz,409.731.825-04,1995-04-13,Outro,da Mata de Minas,RJ,Perfusionista,19336.67,781.0,Premium,Cancelada,2025-07-04,
392,2023-01-02,Liz Montenegro,465.137.298-82,1961-10-17,Masculino,Almeida,RS,Toxicologista,4801.76,595.49,Economy,Ativa,2025-02-03,
393,2023-03-18,Nina da Mata,860.412.379-22,1960-06-12,Masculino,Souza,RO,Ferramenteiro,16944.2,715.9,Standard,Inativa,2024-06-01,
394,2024-11-06,Gustavo Jesus,492.758.130-60,1973-06-03,Outro,Cassiano,DF,Alpinista,9346.37,508.6,Premium,Ativa,2025-07-09,
395,2021-11-08,Maya Lima,032.719.654-80,1997-08-10,Masculino,Silveira,PR,Agricultor,6599.52,815.58,Economy,Ativa,2023-08-10,
396,2020-11-26,Nicolas Fonseca,162.904.578-02,2001-08-16,Outro,Borges de da Costa,RN,Cartunista,9255.95,721.33,Premium,Ativa,2022-05-21,2022-04-24
397,2024-06-29,Sra. Isabela Lima,321.768.954-28,1967-10-22,Masculino,Mendonça,PI,Intérprete de Bíblias,12487.97,545.54,Economy,Cancelada,2025-06-09,
398,2024-02-16,Isadora da Mota,257.896.043-74,1956-03-06,Masculino,Sales,SE,Tecnólogo em automação industrial,15200.01,521.25,Premium,Cancelada,2024-12-11,
399,2021-10-28,Sra. Camila Nascimento,376.092.485-92,1981-09-07,Masculino,Costela da Serra,PB,Separador,4092.51,846.42,Premium,Cancelada,2022-12-31,
400,2022-03-19,João Guilherme Barros,796.823.041-13,1996-09-26,Outro,Fogaça,PA,Radiologista,12561.48,669.89,Standard,Ativa,2024-05-31,
401,2024-04-10,Srta. Ana Júlia Ramos,279.031.846-87,1981-05-25,Masculino,Castro,ES,Passador,19735.37,586.69,Standard,Inativa,2024-09-18,
402,2024-03-12,Noah Vieira,578.691.204-30,1994-02-23,Outro,Costa de Minas,PA,Inspetor,19047.62,783.84,Premium,Cancelada,2025-02-15,
403,2021-07-15,Heloisa Almeida,083.971.256-12,2000-06-16,Outro,Guerra,RN,Manobrista,10668.98,834.76,Economy,Cancelada,2025-05-27,
404,2023-08-18,Dante Albuquerque,867.953.042-56,1958-04-14,Outro,Viana,GO,Especialista em agronegócios,7396.59,528.98,Premium,Inativa,2025-07-18,
405,2024-05-11,Henrique da Paz,362.910.754-07,1971-10-15,Outro,da Cruz de Freitas,RJ,Tecnólogo em produção Sucroalcooleira,10260.1,767.14,Standard,Cancelada,2024-11-27,
406,2023-11-12,Dr. Heitor Silva,694.087.531-00,1954-08-08,Feminino,Melo,MS,Recepcionista,18422.71,609.31,Standard,Cancelada,2024-09-09,
407,2025-04-29,Srta. Alana da Cunha,864.352.170-17,2005-09-22,Feminino,da Luz,CE,Ortopedista,5992.88,411.84,Economy,Ativa,2025-07-04,
408,2023-02-03,Liam Santos,862.709.531-03,1969-04-20,Feminino,Souza da Praia,PA,Escritor,3210.58,698.52,Premium,Ativa,2024-04-11,
409,2025-02-21,Valentim Dias,625.731.908-03,1964-11-22,Outro,Aragão,ES,Corretor de seguros,12691.93,321.75,Premium,Ativa,2025-07-18,
410,2020-10-21,Bruna Monteiro,075.843.619-00,1964-09-20,Outro,Campos,MS,Bóia-fria,14899.65,607.37,Standard,Ativa,2024-03-17,
411,2021-08-24,Dra. Júlia Nunes,930.461.872-03,1966-02-08,Feminino,Rocha de Brito,MT,Almirante,7108.98,799.95,Premium,Ativa,2024-12-20,
412,2022-01-18,Sr. Lorenzo Cassiano,017.653.428-80,2006-07-18,Masculino,Farias,AL,Técnico de som,15317.27,714.88,Premium,Cancelada,2022-06-26,
413,2023-09-28,Dra. Caroline Cunha,045.697.381-84,1975-11-28,Masculino,Cavalcanti de Goiás,SP,Laboratorista,8837.69,431.63,Standard,Inativa,2025-07-12,
414,2021-01-26,Larissa Ramos,214.369.850-05,1999-01-24,Outro,Moraes do Oeste,PR,Médico legista,13501.34,469.63,Standard,Cancelada,2021-10-24,
415,2025-01-20,Ayla Sá,652.389.041-42,1977-04-05,Feminino,Rocha de Câmara,RS,Tecnólogo em rochas ornamentais,3324.25,839.73,Standard,Inativa,2025-05-18,
416,2024-03-12,Valentina Barros,476.032.185-35,2003-08-10,Feminino,Moreira,PA,Estoquista,7289.06,325.14,Premium,Cancelada,2024-12-13,
417,2023-06-21,Bianca Moraes,691.354.278-09,1981-08-02,Feminino,Vargas,PE,Agente de defesa sanitária animal,11736.26,621.22,Economy,Inativa,2025-06-13,
418,2021-03-13,Matteo Aparecida,164.273.589-28,1987-12-31,Masculino,Cirino do Oeste,CE,Baixista,7602.51,508.91,Premium,Inativa,2021-12-28,
419,2024-05-12,Pedro Henrique Nascimento,096.871.342-40,1984-08-30,Outro,da Rosa de Pinto,TO,Reumatologista,7744.94,719.85,Standard,Cancelada,2025-06-19,
420,2022-06-07,Liz Borges,290.175.648-49,1988-09-15,Feminino,Rezende de Casa Grande,RS,Engenheiro agrônomo,10025.34,703.02,Standard,Ativa,2024-08-21,
421,2022-10-22,Caio da Rosa,729.305.146-80,1985-12-09,Outro,Melo de Almeida,PB,Promotor de eventos,10533.85,804.29,Economy,Cancelada,2025-01-13,
422,2021-11-03,Ana Júlia Farias,016.374.298-78,1966-09-23,Outro,Mendonça do Galho,RJ,Viveirista,2125.74,765.68,Economy,Ativa,2024-12-24,
423,2023-09-08,Isabel Silva,089.342.715-23,1988-12-27,Feminino,Camargo de Monteiro,RN,Surfista,4043.59,646.89,Premium,Cancelada,2025-04-09,
424,2022-05-12,Gael Melo,573.416.289-28,1990-01-31,Masculino,da Rocha,SC,Trompetista,10856.06,505.26,Economy,Cancelada,2022-06-05,
425,2022-07-31,Maria Cecília Vieira,723.850.946-65,1973-10-21,Outro,Castro,RN,Office-boy,18385.9,662.61,Premium,Ativa,2025-06-13,
426,2021-02-17,Isaac Costela,809.265.174-49,1973-10-03,Feminino,Fernandes,PA,Capelão,1719.24,591.18,Standard,Cancelada,2025-08-07,
427,2023-09-19,Luigi Viana,504.197.823-97,1956-08-17,Masculino,Marques de Sá,AM,Caldeireiro,10791.0,683.82,Standard,Ativa,2024-02-22,
428,2024-07-15,Asafe Montenegro,129.678.543-28,1984-12-26,Masculino,Teixeira de Montenegro,PR,Broker/Corretor da bolsa de valores,11201.13,432.53,Economy,Cancelada,2025-06-22,
429,2021-05-25,Guilherme Macedo,603.972.458-74,1970-09-22,Feminino,da Mata,MS,Urologista,6445.51,518.29,Standard,Inativa,2024-11-11,
430,2024-05-27,Vinícius Leão,326.975.801-40,1970-07-18,Masculino,Vargas,AC,Vendedor,19819.31,424.22,Economy,Ativa,2025-03-20,
431,2024-08-29,Dr. Enzo Lopes,069.581.724-85,2004-05-11,Outro,Guerra da Prata,MA,Vigia parlamentar,15552.34,351.43,Standard,Inativa,2024-09-28,
432,2024-05-04,Vinícius Pimenta,267.514.398-73,2002-05-13,Masculino,Vasconcelos do Oeste,MA,Baterista,13279.84,686.56,Premium,Inativa,2024-05-07,
433,2020-10-23,Srta. Stephany Nogueira,431.962.580-33,1969-01-10,Outro,Alves,SE,Piloto automobilístico,16010.96,611.22,Premium,Cancelada,2024-04-21,
434,2023-08-04,Sra. Sofia Camargo,054.872.936-00,1963-08-17,Masculino,da Rosa de Oliveira,SC,Administrador de banco de dados DBA,5411.22,777.46,Economy,Inativa,2025-03-02,
435,2022-11-22,Yasmin Peixoto,354.287.169-91,2006-08-21,Masculino,Caldeira,MT,Passador,14161.93,454.21,Economy,Cancelada,2025-02-04,
436,2023-07-16,Diogo Silva,691.083.745-20,1997-05-09,Masculino,Barbosa de Freitas,RO,Pedreiro,18682.18,472.97,Premium,Cancelada,2024-04-17,
437,2022-08-22,Theo Porto,678.531.420-80,1982-01-18,Outro,Silva de Marques,BA,Tradutor,16686.69,810.88,Standard,Ativa,2024-12-19,
438,2023-03-12,Olívia Andrade,285.043.671-26,1980-04-26,Outro,Aparecida do Galho,BA,Carnavalesco,16941.04,514.04,Economy,Inativa,2024-11-19,
439,2022-06-26,Ana Vieira,296.085.173-03,2007-02-08,Outro,Campos,PI,Grafologista,4089.09,843.66,Economy,Ativa,2023-06-09,
440,2020-12-18,Rael Fernandes,672.914.358-46,1952-03-21,Feminino,Siqueira,MT,Biólogo,2493.38,540.4,Premium,Inativa,2023-03-17,
441,2024-08-17,Miguel Fernandes,807.529.164-67,1988-03-02,Outro,Novais do Campo,RS,Produtor de audio visual,19164.88,518.19,Standard,Ativa,2025-01-13,
442,2021-01-19,Vicente Correia,780.954.163-39,2005-01-10,Feminino,da Cruz,TO,Transcritor,10576.16,495.7,Standard,Inativa,2023-07-13,
443,2024-10-27,Luna Guerra,907.682.351-03,1983-03-30,Outro,Moura,MT,Jogador de bocha,13722.43,347.13,Economy,Inativa,2024-11-20,
444,2021-11-29,João Pedro Casa Grande,241.793.608-96,1956-04-11,Outro,Alves,RR,Assistente social,2859.87,447.38,Standard,Cancelada,2022-04-12,
445,2022-02-12,Dr. Marcos Vinicius Campos,038.645.172-90,1955-05-10,Masculino,da Mata,AL,Fresador,15183.62,474.17,Premium,Ativa,2022-08-13,
446,2022-12-14,Antony da Mata,813.649.275-19,1973-03-28,Feminino,Barros de Porto,PE,Designer de produto ou desenhista industrial,9727.61,718.74,Premium,Ativa,2024-03-31,2024-01-16
447,2024-07-17,Vitor Gabriel Lima,870.934.256-74,1957-11-19,Feminino,Araújo,PR,Engenheiro naval,9803.61,605.11,Standard,Ativa,2025-02-16,2024-09-21
448,2023-08-14,Hadassa Pacheco,840.159.763-39,1998-04-26,Feminino,Sampaio do Campo,TO,Cinegrafista,11753.07,628.31,Standard,Inativa,2024-05-19,2024-04-28
449,2024-04-02,Luiza Rodrigues,547.216.809-02,2007-07-24,Feminino,Almeida Grande,RS,Acupunturista,8674.29,346.58,Economy,Ativa,2025-06-17,2024-07-17
450,2023-09-03,Noah Novais,761.850.429-67,1949-11-16,Masculino,Fogaça,TO,Investigador de Polícia,14178.35,393.23,Standard,Inativa,2023-09-09,
451,2024-10-06,Srta. Camila Martins,537.016.289-12,1970-05-23,Masculino,Borges,TO,Representante comercial,2670.44,539.07,Standard,Inativa,2024-11-30,
452,2023-10-03,Maria Cecília Andrade,473.018.652-44,1996-07-07,Masculino,Novaes,DF,Técnico em desporto,8180.81,819.32,Economy,Cancelada,2024-03-02,
453,2024-04-27,Benício Pastor,219.748.603-96,1988-08-12,Outro,Rodrigues da Prata,PB,Acupunturista,5117.64,358.83,Standard,Ativa,2025-02-09,
454,2025-04-26,Lorenzo Lopes,641.583.970-57,1986-10-21,Feminino,Aragão,GO,Lutador de luta livre,17069.85,508.94,Standard,Inativa,2025-08-11,
455,2023-04-16,Sr. Apollo Sousa,361.785.240-80,1967-12-21,Outro,Alves,PR,Marcador de luz,19523.17,374.87,Standard,Cancelada,2024-03-16,
456,2024-09-01,Dr. Josué Caldeira,735.602.198-68,1983-12-30,Masculino,Pires,PB,Profissional de recursos humanos,10361.68,397.7,Standard,Inativa,2025-04-08,
457,2021-04-02,Luara Sales,120.637.859-02,2006-02-24,Outro,Caldeira,RO,Assistente de direção,13208.7,832.27,Premium,Inativa,2025-04-06,
458,2023-06-04,Noah da Conceição,907.365.814-48,1966-09-25,Feminino,Moreira de Farias,RJ,Defensor Público,8252.79,812.64,Premium,Cancelada,2024-04-06,
459,2021-03-02,Evelyn Oliveira,284.935.706-56,1950-05-05,Masculino,Aparecida,AL,Ceramista,14111.68,602.55,Economy,Inativa,2024-05-07,
460,2022-03-09,Dr. Vitor Hugo Vasconcelos,297.846.510-76,1974-11-28,Masculino,Araújo,ES,Paginador,9611.42,460.23,Economy,Ativa,2025-06-28,
461,2024-09-21,Sr. Guilherme Porto,315.879.426-82,1982-01-28,Feminino,Pimenta da Mata,PA,General,13950.09,376.55,Standard,Ativa,2024-10-09,
462,2021-06-09,Thales Câmara,038.741.562-90,1975-12-23,Masculino,Costela das Flores,CE,Administrador de redes,14731.87,733.99,Premium,Inativa,2024-09-29,
463,2022-06-10,Diego da Rocha,735.061.489-66,1953-11-26,Feminino,da Luz,SC,Controller,12271.51,593.9,Economy,Inativa,2022-07-14,
464,2022-04-29,Felipe da Luz,102.358.749-14,1981-10-15,Feminino,da Costa de Freitas,SE,Instrutor,14480.23,746.76,Economy,Cancelada,2022-11-30,
465,2023-12-07,Maya Silva,192.865.374-09,2004-03-19,Masculino,Peixoto das Pedras,RS,Engenheiro civil,15725.65,661.68,Standard,Ativa,2025-08-03,
466,2025-03-26,Laís Vieira,253.089.147-88,1993-11-20,Masculino,Siqueira,AP,Museólogo,11919.58,654.77,Economy,Inativa,2025-06-19,
467,2024-08-01,Sophia Freitas,789.125.346-37,1985-04-16,Feminino,da Mata de Pacheco,MG,Skatista,19365.76,536.75,Premium,Ativa,2024-10-03,
468,2025-03-27,Guilherme Machado,369.275.148-64,1983-07-02,Outro,Carvalho,SP,Baterista,15316.78,606.9,Economy,Cancelada,2025-04-01,
469,2022-02-07,Ravi Lucca Moraes,956.378.412-09,1979-09-20,Feminino,da Mata das Flores,AC,Corredor de atletismo,8735.98,724.79,Economy,Cancelada,2022-11-30,
470,2022-11-01,Juan Montenegro,891.627.035-95,1965-01-12,Feminino,Andrade da Prata,DF,Gerente de banco,19957.5,565.52,Standard,Inativa,2023-01-17,
471,2021-08-11,Kamilly Correia,924.085.713-32,1968-09-21,Masculino,Melo,RS,Papiloscopista,3647.28,817.37,Premium,Inativa,2022-10-29,
472,2025-07-29,Ian Silveira,379.465.821-37,2004-10-24,Feminino,Vieira de Minas,MT,Crítico,16008.99,586.61,Standard,Inativa,2025-08-15,
473,2022-10-09,Ana Freitas,294.503.816-15,2004-04-04,Outro,Lima das Flores,SP,Tenente,14390.12,475.4,Standard,Ativa,2023-12-19,2024-01-09
474,2023-04-26,Davi Miguel Cassiano,568.130.947-93,1968-07-16,Masculino,Farias,RJ,Mestre cervejeiro,1917.82,488.69,Premium,Cancelada,2023-05-15,
475,2023-10-28,Emanuelly Andrade,970.168.354-48,1967-04-19,Outro,da Rocha,RO,Pediatra,6012.39,395.95,Premium,Inativa,2024-02-18,
476,2020-12-22,Luan Jesus,621.743.580-26,1952-12-17,Feminino,Costela Grande,DF,Fisioterapeuta,5789.33,522.78,Premium,Ativa,2023-05-22,
477,2022-10-15,Luana Pastor,387.210.594-97,1990-10-15,Feminino,Pereira de Goiás,PE,General,8818.27,705.56,Premium,Inativa,2024-02-19,
478,2025-03-07,Ana Cecília Sousa,147.256.380-80,2000-08-15,Feminino,da Cruz da Serra,RN,Marcador de luz,1582.33,418.14,Standard,Cancelada,2025-05-21,
479,2022-12-01,Aylla Gonçalves,032.754.689-10,2002-06-16,Masculino,Monteiro,PA,Prático,12180.94,739.73,Economy,Ativa,2023-05-31,
480,2021-03-26,Lunna Jesus,724.190.358-79,1971-01-06,Masculino,Garcia de Fernandes,SC,Laboratorista,9964.68,444.29,Standard,Cancelada,2024-07-21,
481,2024-11-27,Davi Luiz Duarte,798.064.123-03,1972-08-20,Feminino,Melo,TO,Enólogo,12543.96,636.22,Economy,Ativa,2024-11-29,
482,2024-11-01,Felipe da Rocha,186.905.247-11,1959-07-10,Feminino,Cavalcanti do Oeste,RR,Antropólogo,12921.21,747.56,Economy,Inativa,2024-11-06,
483,2025-02-02,Vicente Ramos,164.307.589-66,1980-07-02,Outro,da Cruz,MS,Engenheiro aeronáutico,3067.91,373.67,Premium,Ativa,2025-04-30,
484,2021-08-17,Lucca Correia,139.657.408-57,1950-07-23,Masculino,Duarte,MT,Produtor editorial,8406.16,377.75,Standard,Inativa,2021-09-26,
485,2023-10-06,Mariane Campos,391.267.045-52,1985-11-10,Outro,Gomes,DF,Militar do Exército,8598.63,402.16,Economy,Cancelada,2025-07-04,
486,2021-09-23,Maria Eduarda Aparecida,136.248.075-44,1987-10-16,Outro,Brito Alegre,RS,Tesoureiro,18717.86,395.28,Premium,Inativa,2022-10-24,
487,2022-07-27,Lucas Gabriel Cavalcanti,571.204.389-05,2003-04-02,Masculino,da Conceição,AC,Reumatologista,7319.73,548.05,Premium,Inativa,2024-12-05,
488,2024-06-03,Isabelly Pinto,102.736.985-59,1956-10-28,Feminino,Ramos,AL,Engenheiro acústico,4025.89,748.37,Economy,Cancelada,2024-09-15,
489,2025-03-31,Sra. Catarina da Mota,506.928.173-95,1984-04-25,Feminino,da Cruz do Oeste,PI,Assistente administrativo,14166.89,528.6,Standard,Inativa,2025-08-10,
490,2025-02-28,Hellena Pereira,685.130.497-00,1988-03-13,Outro,Aragão,RS,Cinematográfo,2070.92,718.58,Standard,Ativa,2025-04-11,
491,2025-04-27,Gabrielly da Costa,816.532.940-51,1956-11-28,Outro,Lima,CE,Recepcionista,6840.4,729.41,Economy,Cancelada,2025-05-16,
492,2021-11-14,Gabriela da Mata,715.368.942-73,1966-03-06,Feminino,Teixeira Grande,TO,Numerólogo,11669.93,362.27,Premium,Inativa,2023-07-22,
493,2020-09-22,Vitor Gabriel Cassiano,824.369.517-64,1971-10-01,Feminino,Barbosa de Farias,BA,Urologista,11527.8,716.23,Economy,Inativa,2024-11-29,
494,2022-12-22,Theodoro Siqueira,576.382.914-09,1958-08-08,Feminino,Jesus,AL,Catador de material reciclável,3394.7,756.54,Premium,Inativa,2023-06-23,
495,2022-07-21,Jade Vargas,587.962.041-76,1982-06-07,Masculino,Sousa de Goiás,ES,Neonatologista,9820.05,491.72,Premium,Inativa,2023-02-24,
496,2020-10-19,Ana Sampaio,247.519.680-76,1996-10-15,Masculino,Camargo,SP,Biotecnólogo,15849.19,430.32,Economy,Cancelada,2023-11-06,
497,2023-11-07,Anna Liz Moreira,362.897.451-82,2002-10-22,Outro,Siqueira das Pedras,SP,Windsurfer,12789.84,535.49,Economy,Ativa,2024-07-22,
498,2024-12-22,Sr. João Felipe Souza,364.019.872-78,1955-12-19,Masculino,Moura das Pedras,RS,Espeleologista,16400.65,613.54,Economy,Inativa,2025-05-07,
499,2024-04-17,Srta. Fernanda Mendonça,281.347.509-23,1959-07-11,Masculino,Teixeira,DF,Engenheiro de produto ou produção,7487.59,687.23,Standard,Cancelada,2024-10-16,
500,2025-07-17,Bianca Porto,214.036.978-50,2000-03-07,Outro,Pacheco,ES,Neonatologista,19731.53,673.61,Premium,Ativa,2025-07-31,
